{"\u51fa\u5e93\u4f4d\u7f6e": [104.06, 30.67], "\u826f\u4e61\u7ad9": [104.06, 30.67], "\u9c7c\u5634\u7ad9": [104.06, 30.67], "\u56e2\u7ed3\u6751\u603b\u5e93": [104.06, 30.67], "\u52a0\u56fa\u4f4d\u7f6e": [104.06, 30.67], "\u65b0\u7b51\u7ad9": [104.06, 30.67], "\u963f\u514b\u82cf\u7ebf\u8fb9\u5e93": [80.19, 41.09], "\u88c5\u8f66\u4f4d\u7f6e": [104.06, 30.67], "\u5703\u7530\u7ad9": [104.06, 30.67], "\u4e09\u576a\u7ebf\u8fb9\u5e93": [104.06, 30.67], "\u5378\u8f66\u4f4d\u7f6e": [104.06, 30.67], "\u798f\u7279\u4ed3\u50a8\u5e93": [104.06, 30.67], "\u535a\u8574\u5e93": [104.06, 30.67], "\u5510\u5bb6\u6cb1\u7ad9": [104.06, 30.67], "\u7269\u6d41\u56ed\u7ad9": [104.06, 30.67], "\u67f3\u5dde\u5357\u7ad9": [109.4, 24.33], "\u767d\u5e02\u9a7f\u7ad9": [104.06, 30.67], "\u9c7c\u5634(\u4e94\u83f1\u4e13\u7528)": [104.06, 30.67], "\u5929\u6c34\u7ad9": [105.42, 34.37], "\u6b66\u5a01\u7ad9": [102.39, 37.56], "\u5f20\u6396\u7ad9": [100.26, 38.56], "\u65b0\u5174\u9547\u7ad9": [104.06, 30.67], "\u6606\u660e\u957f\u5b89\u4e2d\u8f6c\u5e93": [104.06, 30.67], "\u62c9\u8428\u897f\u7ad9": [91.11, 29.97], "\u8235\u843d\u53e3\u7ad9": [104.06, 30.67], "\u7941\u4e1c\u897f\u7ad9": [104.06, 30.67], "\u89e3\u56fa\u4f4d\u7f6e": [104.06, 30.67], "\u5e7f\u5dde\u957f\u5b89\u4e2d\u8f6c\u5e93": [104.06, 30.67], "\u738b\u5bb6\u8425\u897f\u8d27\u573a": [104.06, 30.67], "\u673a\u4fdd\u6bb5\u7ad9": [104.06, 30.67], "\u963f\u514b\u82cf\u7ad9": [80.19, 41.09], "\u65b0\u7b51\u94c1\u8def\u5e93": [104.06, 30.67], "\u897f\u5b81\u897f\u7ad9": [101.74, 36.56], "\u7269\u6d41\u56ed\u7ebf\u8fb9\u5e93": [104.06, 30.67], "\u6c99\u571f\u96c6\u7ad9": [104.06, 30.67], "\u4e2d\u725f\u7ad9": [113.97, 34.72], "\u56e2\u7ed3\u6751\u7ad9": [104.06, 30.67], "\u5165\u5e93\u4f4d\u7f6e": [104.06, 30.67], "\u5317\u789a\u7ad9": [106.4, 29.8], "\u738b\u5bb6\u8425\u897f\u7ad9": [104.06, 30.67], "\u683c\u91cc\u576a\u7ad9": [104.06, 30.67], "\u5609\u5cea\u5173\u7ad9": [98.289152, 39.77313], "\u56e2\u7ed3\u6751\u5feb\u8fd0\u5e93": [104.06, 30.67], "\u5c0f\u5357\u57ad\u7ad9": [104.06, 30.67], "\u5510\u5bb6\u6cb1\u7ebf\u8fb9\u5e93": [104.06, 30.67], "\u56e2\u7ed3\u6751\u7ebf\u8fb9\u5e93": [104.06, 30.67], "\u515a\u5bb6\u5e84\u7ad9": [104.06, 30.67], "\u9ad8\u9091\u7ad9": [114.6, 37.6], "\u9ec4\u5c9b\u7ad9": [120.18, 35.97], "\u5b9a\u5dde\u7ad9": [115, 38.3], "\u897f\u5b89\u4e2d\u8f6c\u5e93": [104.06, 30.67], "\u4e09\u576a\u7ad9": [104.06, 30.67], "\u90ed\u5858\u7ad9": [104.06, 30.67], "\u9e23\u674e\u7ad9": [104.06, 30.67]}